{"is_source_file": true, "format": "HTML", "description": "The file is an HTML document that implements a web-based database visualizer interface with embedded CSS and JavaScript for interactive functionality, such as loading databases, tables, and displaying data dynamically.", "external_files": [], "external_methods": [], "published": [], "classes": [], "methods": [], "calls": ["refreshDatabases()", "loadDatabases()", "toggleDatabase()", "loadTables()", "loadTableData()", "renderTable()", "renderCell()", "expandCell()"], "search-terms": ["Database Viewer HTML", "interactive database UI", "embedded JavaScript data loading", "table rendering in HTML", "dynamic content HTML CSS"], "state": 2, "file_id": 6, "knowledge_revision": 14, "git_revision": "05f60bc71e2b7d4b657fe8563ef4fc793a0fa8d2", "hash": "ee63333a4841bf025439c755a74c9881", "format-version": 4, "code-base-name": "database", "filename": "database/db_visualizer/public/index.html", "revision_history": [{"14": "05f60bc71e2b7d4b657fe8563ef4fc793a0fa8d2"}]}