{"is_source_file": false, "format": "", "description": "", "external_files": [], "external_methods": [], "published": [], "classes": [], "methods": [], "calls": [], "search-terms": [], "state": 2, "file_id": 8, "knowledge_revision": 11, "git_revision": "05f60bc71e2b7d4b657fe8563ef4fc793a0fa8d2", "hash": "0c9f36dfd1a6dee9fa952c06ab7d9563", "format-version": 4, "code-base-name": "database", "filename": "database/db_visualizer/package.json", "revision_history": [{"11": "05f60bc71e2b7d4b657fe8563ef4fc793a0fa8d2"}]}