{"is_source_file": true, "format": "Python", "description": "This is an interactive shell script for managing and querying an SQLite database tied to the application 'myapp.db'. It provides commands for listing tables, viewing schemas, describing tables, executing arbitrary SQL queries, and supports standard SQL commands, functioning as a database management utility within the project.", "external_files": ["sqlite3"], "external_methods": ["sqlite3.connect", "cursor.execute", "cursor.fetchall", "print", "sys.exit"], "published": [], "classes": [], "methods": [{"name": "print_help()", "description": "Prints help information about the shell commands.", "scope": "", "scopeKind": ""}, {"name": "list_tables(cursor)", "description": "Lists all tables in the SQLite database.", "scope": "", "scopeKind": ""}, {"name": "show_schema(cursor, table_name=None)", "description": "Shows CREATE statements for specified or all tables.", "scope": "", "scopeKind": ""}, {"name": "describe_table(cursor, table_name)", "description": "Displays the structure of a specified table using PRAGMA.", "scope": "", "scopeKind": ""}, {"name": "execute_query(cursor, query)", "description": "Executes a given SQL query and outputs results or affected rows.", "scope": "", "scopeKind": ""}, {"name": "main()", "description": "Main entry function providing the interactive shell loop and command handling.", "scope": "", "scopeKind": ""}], "calls": ["sqlite3.connect", "cursor.execute", "cursor.fetchall", "print", "conn.close", "sys.exit"], "search-terms": ["db_shell", "interactive sqlite shell", "myapp.db", "sqlite commands", ".schema", ".describe", ".tables", ".help"], "state": 2, "file_id": 1, "knowledge_revision": 17, "git_revision": "05f60bc71e2b7d4b657fe8563ef4fc793a0fa8d2", "ctags": [{"_type": "tag", "name": "DB_NAME", "path": "/home/kavia/workspace/code-generation/simple-food-delivery-202624-202635/database/db_shell.py", "pattern": "/^DB_NAME = \"myapp.db\"$/", "language": "Python", "kind": "variable"}, {"_type": "tag", "name": "describe_table", "path": "/home/kavia/workspace/code-generation/simple-food-delivery-202624-202635/database/db_shell.py", "pattern": "/^def describe_table(cursor, table_name):$/", "language": "Python", "kind": "function", "signature": "(cursor, table_name)"}, {"_type": "tag", "name": "execute_query", "path": "/home/kavia/workspace/code-generation/simple-food-delivery-202624-202635/database/db_shell.py", "pattern": "/^def execute_query(cursor, query):$/", "language": "Python", "kind": "function", "signature": "(cursor, query)"}, {"_type": "tag", "name": "list_tables", "path": "/home/kavia/workspace/code-generation/simple-food-delivery-202624-202635/database/db_shell.py", "pattern": "/^def list_tables(cursor):$/", "language": "Python", "kind": "function", "signature": "(cursor)"}, {"_type": "tag", "name": "main", "path": "/home/kavia/workspace/code-generation/simple-food-delivery-202624-202635/database/db_shell.py", "pattern": "/^def main():$/", "language": "Python", "kind": "function", "signature": "()"}, {"_type": "tag", "name": "print_help", "path": "/home/kavia/workspace/code-generation/simple-food-delivery-202624-202635/database/db_shell.py", "pattern": "/^def print_help():$/", "language": "Python", "kind": "function", "signature": "()"}, {"_type": "tag", "name": "show_schema", "path": "/home/kavia/workspace/code-generation/simple-food-delivery-202624-202635/database/db_shell.py", "pattern": "/^def show_schema(cursor, table_name=None):$/", "language": "Python", "kind": "function", "signature": "(cursor, table_name=None)"}], "hash": "7a5a132ab2db661e22c5eb4827332833", "format-version": 4, "code-base-name": "database", "filename": "database/db_shell.py", "fields": [{"name": "DB_NAME = \"myapp.db\"", "scope": "", "scopeKind": "", "description": "unavailable"}], "revision_history": [{"17": "05f60bc71e2b7d4b657fe8563ef4fc793a0fa8d2"}]}