{"is_source_file": true, "format": "bash", "description": "This script automates restoring various types of databases (SQLite, PostgreSQL, MySQL, MongoDB) from backup files, choosing the correct restore procedure based on detected files and running database services.", "external_files": ["database_backup.db", "database_backup.sql", "database_backup.archive"], "external_methods": ["ls", "cp", "sudo -u postgres pg_isready", "psql", "mysqladmin", "mysql", "mongosh", "mongorestore"], "published": [], "classes": [], "methods": [], "calls": ["ls /usr/lib/postgresql/", "sudo -u postgres pg_isready", "psql", "mysqladmin ping", "mysql", "mongosh --port", "mongosh --eval", "mongorestore"], "search-terms": ["restore_db.sh", "database restore", "PostgreSQL restore", "MySQL restore", "MongoDB restore", "backup detection", "database script", "bash restore"], "state": 2, "file_id": 2, "knowledge_revision": 12, "git_revision": "05f60bc71e2b7d4b657fe8563ef4fc793a0fa8d2", "hash": "d42c3e6cbc3bbd627e3c08afcf4183ec", "format-version": 4, "code-base-name": "database", "filename": "database/restore_db.sh", "revision_history": [{"12": "05f60bc71e2b7d4b657fe8563ef4fc793a0fa8d2"}]}